Commodity Name,City Name,Package,Date,Low Price,High Price,Origin,Color,ItemSizeR,VarietyR
PUMPKINS,DETROIT,24 inch bins,9/16/2017,95,95,MICHIGAN,,3,1
PUMPKINS,DETROIT,24 inch bins,9/16/2017,94,95,MICHIGAN,,2,1
PUMPKINS,DETROIT,24 inch bins,9/23/2017,95,95,MICHIGAN,,3,1
PUMPKINS,DETROIT,24 inch bins,9/23/2017,94,95,MICHIGAN,,2,1
PUMPKINS,DETROIT,bins,9/23/2017,175,175,MICHIGAN,,4,1
PUMPKINS,DETROIT,bins,9/23/2017,95,95,MICHIGAN,,3,1
PUMPKINS,DETROIT,bins,9/30/2017,175,175,MICHIGAN,,4,1
PUMPKINS,DETROIT,bins,9/30/2017,95,95,MICHIGAN,,3,1
PUMPKINS,DETROIT,24 inch bins,10/22/2016,100,100,MICHIGAN,WHITE,6,12
PUMPKINS,DETROIT,24 inch bins,10/29/2016,100,100,MICHIGAN,WHITE,6,12
PUMPKINS,DETROIT,1 1/9 bushel cartons,10/22/2016,12,12,MICHIGAN,ORANGE,2,4
PUMPKINS,DETROIT,1 1/9 bushel cartons,10/29/2016,12,12,MICHIGAN,ORANGE,2,4
PUMPKINS,DETROIT,1 1/9 bushel cartons,11/5/2016,12,12,MICHIGAN,ORANGE,2,4
PUMPKINS,DETROIT,1 1/9 bushel cartons,9/9/2017,22,22,OHIO,,1,4
PUMPKINS,DETROIT,1 1/9 bushel cartons,9/16/2017,20,20,MICHIGAN,,1,4
PUMPKINS,DETROIT,1 1/9 bushel cartons,9/16/2017,22,22,OHIO,,1,4
PUMPKINS,DETROIT,1 1/9 bushel cartons,9/23/2017,15,20,MICHIGAN,,1,4
PUMPKINS,DETROIT,1 1/9 bushel cartons,9/30/2017,15,15,MICHIGAN,,1,4
PUMPKINS,DETROIT,24 inch bins,9/24/2016,150,150,MICHIGAN,,3,4
PUMPKINS,DETROIT,24 inch bins,9/24/2016,175,175,MICHIGAN,,1,4
PUMPKINS,DETROIT,24 inch bins,10/1/2016,150,150,MICHIGAN,,3,4
PUMPKINS,DETROIT,24 inch bins,10/1/2016,175,175,MICHIGAN,,1,4
PUMPKINS,DETROIT,24 inch bins,10/8/2016,100,115,MICHIGAN,ORANGE,3,4
PUMPKINS,DETROIT,24 inch bins,10/8/2016,150,150,MICHIGAN,ORANGE,1,4
PUMPKINS,DETROIT,24 inch bins,10/15/2016,100,115,MICHIGAN,ORANGE,3,4
PUMPKINS,DETROIT,24 inch bins,10/15/2016,150,150,MICHIGAN,ORANGE,1,4
PUMPKINS,DETROIT,24 inch bins,10/22/2016,115,120,MICHIGAN,ORANGE,3,4
PUMPKINS,DETROIT,24 inch bins,10/22/2016,150,150,MICHIGAN,ORANGE,1,4
PUMPKINS,DETROIT,24 inch bins,10/29/2016,115,120,MICHIGAN,ORANGE,3,4
PUMPKINS,DETROIT,24 inch bins,10/29/2016,150,150,MICHIGAN,ORANGE,1,4
PUMPKINS,DETROIT,24 inch bins,11/5/2016,115,120,MICHIGAN,ORANGE,3,4
PUMPKINS,DETROIT,24 inch bins,11/5/2016,150,150,MICHIGAN,ORANGE,1,4
PUMPKINS,DETROIT,24 inch bins,9/16/2017,149,150,MICHIGAN,,1,4
PUMPKINS,DETROIT,24 inch bins,9/23/2017,149,150,MICHIGAN,,1,4
PUMPKINS,DETROIT,bins,9/23/2017,175,175,MICHIGAN,,1,4
PUMPKINS,DETROIT,bins,9/30/2017,175,175,MICHIGAN,,1,4
PUMPKINS,DETROIT,1 1/9 bushel cartons,9/16/2017,20,20,MICHIGAN,,1,7
PUMPKINS,DETROIT,1 1/9 bushel cartons,9/23/2017,20,20,MICHIGAN,,1,7
PUMPKINS,DETROIT,24 inch bins,9/24/2016,150,150,MICHIGAN,,2,7
PUMPKINS,DETROIT,24 inch bins,10/1/2016,150,150,MICHIGAN,,2,7
PUMPKINS,DETROIT,24 inch bins,10/8/2016,150,150,MICHIGAN,,2,7
PUMPKINS,DETROIT,24 inch bins,10/15/2016,150,150,MICHIGAN,,2,7
PUMPKINS,DETROIT,24 inch bins,10/22/2016,135,135,MICHIGAN,,2,7
PUMPKINS,DETROIT,24 inch bins,10/29/2016,135,135,MICHIGAN,,2,7
PUMPKINS,CHICAGO,24 inch bins,9/16/2017,200,225,CANADA,ORANGE,3,1
PUMPKINS,CHICAGO,24 inch bins,9/16/2017,200,220,ILLINOIS,ORANGE,3,1
PUMPKINS,CHICAGO,24 inch bins,9/23/2017,200,225,CANADA,ORANGE,3,1
PUMPKINS,CHICAGO,24 inch bins,9/23/2017,200,220,ILLINOIS,ORANGE,3,1
PUMPKINS,CHICAGO,24 inch bins,9/30/2017,200,225,CANADA,ORANGE,3,1
PUMPKINS,CHICAGO,24 inch bins,9/30/2017,200,220,ILLINOIS,ORANGE,3,1
PUMPKINS,CHICAGO,36 inch bins,9/24/2016,135,135,ILLINOIS,,3,1
PUMPKINS,CHICAGO,36 inch bins,9/24/2016,130,130,MICHIGAN,,3,1
PUMPKINS,CHICAGO,36 inch bins,10/1/2016,130,135,ILLINOIS,,3,1
PUMPKINS,CHICAGO,36 inch bins,10/1/2016,130,130,MICHIGAN,,3,1
PUMPKINS,CHICAGO,36 inch bins,10/8/2016,130,130,ILLINOIS,,3,1
PUMPKINS,CHICAGO,36 inch bins,10/8/2016,130,130,MICHIGAN,,3,1
PUMPKINS,CHICAGO,36 inch bins,10/15/2016,130,135,ILLINOIS,,3,1
PUMPKINS,CHICAGO,36 inch bins,10/15/2016,130,130,MICHIGAN,,3,1
PUMPKINS,CHICAGO,36 inch bins,10/15/2016,60,60,OHIO,,4,1
PUMPKINS,CHICAGO,36 inch bins,10/22/2016,130,135,ILLINOIS,,3,1
PUMPKINS,CHICAGO,36 inch bins,10/22/2016,130,130,MICHIGAN,,3,1
PUMPKINS,CHICAGO,36 inch bins,10/22/2016,60,60,OHIO,,4,1
PUMPKINS,CHICAGO,36 inch bins,10/29/2016,125,135,ILLINOIS,,3,1
PUMPKINS,CHICAGO,36 inch bins,10/29/2016,130,130,MICHIGAN,,3,1
PUMPKINS,CHICAGO,36 inch bins,10/29/2016,60,60,OHIO,,4,1
PUMPKINS,CHICAGO,36 inch bins,11/5/2016,125,130,ILLINOIS,,3,1
PUMPKINS,CHICAGO,36 inch bins,11/5/2016,130,130,MICHIGAN,,3,1
PUMPKINS,CHICAGO,36 inch bins,11/5/2016,60,60,OHIO,,4,1
PUMPKINS,CHICAGO,36 inch bins,11/12/2016,125,130,ILLINOIS,,3,1
PUMPKINS,CHICAGO,36 inch bins,11/12/2016,120,130,MICHIGAN,,3,1
PUMPKINS,CHICAGO,36 inch bins,11/12/2016,60,60,OHIO,,4,1
PUMPKINS,CHICAGO,36 inch bins,11/19/2016,125,130,ILLINOIS,,3,1
PUMPKINS,CHICAGO,36 inch bins,11/19/2016,100,130,MICHIGAN,,3,1
PUMPKINS,CHICAGO,36 inch bins,11/19/2016,60,60,OHIO,,4,1
PUMPKINS,CHICAGO,36 inch bins,11/26/2016,125,125,ILLINOIS,,3,1
PUMPKINS,CHICAGO,36 inch bins,11/26/2016,100,125,MICHIGAN,,3,1
PUMPKINS,CHICAGO,36 inch bins,12/3/2016,125,125,ILLINOIS,,3,1
PUMPKINS,CHICAGO,36 inch bins,12/3/2016,100,125,MICHIGAN,,3,1
PUMPKINS,CHICAGO,36 inch bins,12/10/2016,125,125,ILLINOIS,,3,1
PUMPKINS,CHICAGO,36 inch bins,12/10/2016,100,125,MICHIGAN,,3,1
PUMPKINS,CHICAGO,36 inch bins,9/23/2017,170,170,MICHIGAN,,4,1
PUMPKINS,CHICAGO,36 inch bins,9/30/2017,170,170,MICHIGAN,,4,1
PUMPKINS,CHICAGO,24 inch bins,9/2/2017,200,200,ILLINOIS,,6,12
PUMPKINS,CHICAGO,24 inch bins,9/9/2017,200,200,ILLINOIS,,6,12
PUMPKINS,CHICAGO,24 inch bins,9/16/2017,200,200,ILLINOIS,,6,12
PUMPKINS,CHICAGO,24 inch bins,9/23/2017,200,200,ILLINOIS,,6,12
PUMPKINS,CHICAGO,24 inch bins,9/30/2017,200,200,ILLINOIS,,6,12
PUMPKINS,CHICAGO,36 inch bins,9/24/2016,150,150,ILLINOIS,,3,12
PUMPKINS,CHICAGO,36 inch bins,10/1/2016,150,150,ILLINOIS,,3,12
PUMPKINS,CHICAGO,36 inch bins,10/8/2016,150,150,ILLINOIS,,3,12
PUMPKINS,CHICAGO,36 inch bins,10/15/2016,150,150,ILLINOIS,,3,12
PUMPKINS,CHICAGO,36 inch bins,10/22/2016,150,150,ILLINOIS,,3,12
PUMPKINS,CHICAGO,36 inch bins,10/29/2016,150,150,ILLINOIS,,3,12
PUMPKINS,CHICAGO,36 inch bins,11/5/2016,150,150,ILLINOIS,,3,12
PUMPKINS,CHICAGO,36 inch bins,11/12/2016,150,150,ILLINOIS,,3,12
PUMPKINS,CHICAGO,36 inch bins,9/24/2016,200,200,ILLINOIS,,2,3
PUMPKINS,CHICAGO,36 inch bins,10/1/2016,200,200,ILLINOIS,,2,3
PUMPKINS,CHICAGO,36 inch bins,10/8/2016,200,200,ILLINOIS,,2,3
PUMPKINS,CHICAGO,36 inch bins,10/15/2016,200,200,ILLINOIS,,2,3
PUMPKINS,CHICAGO,36 inch bins,10/22/2016,200,200,ILLINOIS,,2,3
PUMPKINS,CHICAGO,36 inch bins,10/29/2016,200,200,ILLINOIS,,2,3
PUMPKINS,CHICAGO,36 inch bins,11/5/2016,200,200,ILLINOIS,,2,3
PUMPKINS,CHICAGO,36 inch bins,11/12/2016,185,200,ILLINOIS,,2,3
PUMPKINS,CHICAGO,36 inch bins,11/19/2016,185,185,ILLINOIS,,2,3
PUMPKINS,CHICAGO,36 inch bins,11/26/2016,185,185,ILLINOIS,,2,3
PUMPKINS,CHICAGO,36 inch bins,12/3/2016,185,185,ILLINOIS,,2,3
PUMPKINS,CHICAGO,36 inch bins,12/10/2016,185,185,ILLINOIS,,2,3
PUMPKINS,CHICAGO,36 inch bins,12/10/2016,185,185,MICHIGAN,,2,3
PUMPKINS,CHICAGO,36 inch bins,1/7/2017,185,185,MEXICO,,3,3
PUMPKINS,CHICAGO,36 inch bins,1/14/2017,185,185,MEXICO,,3,3
PUMPKINS,CHICAGO,36 inch bins,1/21/2017,185,185,MEXICO,,3,3
PUMPKINS,CHICAGO,36 inch bins,1/28/2017,185,185,MEXICO,,3,3
PUMPKINS,CHICAGO,36 inch bins,2/4/2017,210,225,MEXICO,,3,3
PUMPKINS,CHICAGO,36 inch bins,2/11/2017,210,225,MEXICO,,3,3
PUMPKINS,CHICAGO,36 inch bins,2/18/2017,215,225,MEXICO,,3,3
PUMPKINS,CHICAGO,36 inch bins,2/25/2017,210,215,MEXICO,,3,3
PUMPKINS,CHICAGO,36 inch bins,3/4/2017,210,210,MEXICO,,3,3
PUMPKINS,CHICAGO,36 inch bins,3/11/2017,210,210,MEXICO,,3,3
PUMPKINS,CHICAGO,36 inch bins,3/18/2017,210,210,MEXICO,,3,3
PUMPKINS,CHICAGO,36 inch bins,3/25/2017,210,210,MEXICO,,3,3
PUMPKINS,CHICAGO,36 inch bins,4/1/2017,210,210,MEXICO,,3,3
PUMPKINS,CHICAGO,36 inch bins,4/8/2017,210,210,MEXICO,,3,3
PUMPKINS,CHICAGO,36 inch bins,4/15/2017,210,210,MEXICO,,3,3
PUMPKINS,CHICAGO,36 inch bins,4/22/2017,210,210,MEXICO,,3,3
PUMPKINS,CHICAGO,36 inch bins,4/29/2017,210,210,MEXICO,,3,3
PUMPKINS,CHICAGO,36 inch bins,5/6/2017,210,225,MEXICO,,3,3
PUMPKINS,CHICAGO,36 inch bins,5/13/2017,225,225,MEXICO,,3,3
PUMPKINS,CHICAGO,36 inch bins,5/20/2017,225,225,MEXICO,,3,3
PUMPKINS,CHICAGO,36 inch bins,5/27/2017,225,225,MEXICO,,3,3
PUMPKINS,CHICAGO,36 inch bins,6/3/2017,225,225,MEXICO,,3,3
PUMPKINS,CHICAGO,36 inch bins,6/10/2017,225,225,MEXICO,,3,3
PUMPKINS,CHICAGO,36 inch bins,6/17/2017,225,225,MEXICO,,3,3
PUMPKINS,CHICAGO,36 inch bins,6/24/2017,225,225,MEXICO,,3,3
PUMPKINS,CHICAGO,36 inch bins,7/1/2017,225,255,MEXICO,,3,3
PUMPKINS,CHICAGO,36 inch bins,7/8/2017,255,255,MEXICO,,3,3
PUMPKINS,CHICAGO,36 inch bins,7/15/2017,255,255,MEXICO,,3,3
PUMPKINS,CHICAGO,36 inch bins,7/22/2017,255,255,MEXICO,,3,3
PUMPKINS,CHICAGO,36 inch bins,7/29/2017,255,255,MEXICO,,3,3
PUMPKINS,CHICAGO,36 inch bins,8/5/2017,255,255,MEXICO,,3,3
PUMPKINS,CHICAGO,36 inch bins,8/12/2017,255,255,MEXICO,,3,3
PUMPKINS,CHICAGO,36 inch bins,8/19/2017,255,255,MEXICO,,3,3
PUMPKINS,CHICAGO,36 inch bins,8/26/2017,255,255,ILLINOIS,,3,3
PUMPKINS,CHICAGO,36 inch bins,8/26/2017,255,255,MEXICO,,3,3
PUMPKINS,CHICAGO,bins,8/26/2017,200,200,ILLINOIS,,4,3
PUMPKINS,CHICAGO,bins,9/2/2017,200,200,ILLINOIS,,4,3
PUMPKINS,CHICAGO,bins,9/9/2017,200,200,ILLINOIS,,4,3
PUMPKINS,CHICAGO,bins,9/16/2017,200,200,ILLINOIS,,4,3
PUMPKINS,CHICAGO,bins,9/23/2017,200,200,ILLINOIS,,4,3
PUMPKINS,CHICAGO,bins,9/30/2017,200,200,ILLINOIS,,4,3
PUMPKINS,CHICAGO,1 1/9 bushel cartons,9/24/2016,17,17,ILLINOIS,,2,4
PUMPKINS,CHICAGO,1 1/9 bushel cartons,9/24/2016,17,17,MICHIGAN,,2,4
PUMPKINS,CHICAGO,1 1/9 bushel cartons,9/24/2016,17,18,OHIO,,2,4
PUMPKINS,CHICAGO,1 1/9 bushel cartons,10/1/2016,17,18,ILLINOIS,,2,4
PUMPKINS,CHICAGO,1 1/9 bushel cartons,10/1/2016,17,18,MICHIGAN,,2,4
PUMPKINS,CHICAGO,1 1/9 bushel cartons,10/1/2016,17,18,OHIO,,2,4
PUMPKINS,CHICAGO,1 1/9 bushel cartons,10/8/2016,17,18,ILLINOIS,,2,4
PUMPKINS,CHICAGO,1 1/9 bushel cartons,10/8/2016,17,18,MICHIGAN,,2,4
PUMPKINS,CHICAGO,1 1/9 bushel cartons,10/8/2016,17,18,OHIO,,2,4
PUMPKINS,CHICAGO,1 1/9 bushel cartons,10/15/2016,17,18,ILLINOIS,,2,4
PUMPKINS,CHICAGO,1 1/9 bushel cartons,10/15/2016,17,18,MICHIGAN,,2,4
PUMPKINS,CHICAGO,1 1/9 bushel cartons,10/15/2016,17,18,OHIO,,2,4
PUMPKINS,CHICAGO,1 1/9 bushel cartons,10/22/2016,17,17,ILLINOIS,,2,4
PUMPKINS,CHICAGO,1 1/9 bushel cartons,10/22/2016,17,17,MICHIGAN,,2,4
PUMPKINS,CHICAGO,1 1/9 bushel cartons,10/22/2016,17,17,OHIO,,2,4
PUMPKINS,CHICAGO,1 1/9 bushel cartons,10/29/2016,17,17,ILLINOIS,,2,4
PUMPKINS,CHICAGO,1 1/9 bushel cartons,10/29/2016,17,17,MICHIGAN,,2,4
PUMPKINS,CHICAGO,1 1/9 bushel cartons,10/29/2016,17,17,OHIO,,2,4
PUMPKINS,CHICAGO,1 1/9 bushel cartons,11/5/2016,17,17,ILLINOIS,,2,4
PUMPKINS,CHICAGO,1 1/9 bushel cartons,11/5/2016,17,17,MICHIGAN,,2,4
PUMPKINS,CHICAGO,1 1/9 bushel cartons,11/5/2016,17,17,OHIO,,2,4
PUMPKINS,CHICAGO,1 1/9 bushel cartons,11/12/2016,17,17,ILLINOIS,,2,4
PUMPKINS,CHICAGO,1 1/9 bushel cartons,11/12/2016,17,17,MICHIGAN,,2,4
PUMPKINS,CHICAGO,1 1/9 bushel cartons,11/12/2016,17,17,OHIO,,2,4
PUMPKINS,CHICAGO,1 1/9 bushel cartons,11/19/2016,17,17,ILLINOIS,,2,4
PUMPKINS,CHICAGO,1 1/9 bushel cartons,11/19/2016,17,17,MICHIGAN,,2,4
PUMPKINS,CHICAGO,1 1/9 bushel cartons,11/19/2016,17,17,OHIO,,2,4
PUMPKINS,CHICAGO,1 1/9 bushel cartons,11/26/2016,17,17,ILLINOIS,,2,4
PUMPKINS,CHICAGO,1 1/9 bushel cartons,11/26/2016,17,17,MICHIGAN,,2,4
PUMPKINS,CHICAGO,1 1/9 bushel cartons,12/3/2016,17,17,ILLINOIS,,2,4
PUMPKINS,CHICAGO,1 1/9 bushel cartons,12/3/2016,17,17,MICHIGAN,,2,4
PUMPKINS,CHICAGO,1 1/9 bushel cartons,12/10/2016,17,17,ILLINOIS,,2,4
PUMPKINS,CHICAGO,1 1/9 bushel cartons,12/10/2016,17,17,MICHIGAN,,2,4
PUMPKINS,CHICAGO,1 1/9 bushel cartons,8/26/2017,20,20,ILLINOIS,,2,4
PUMPKINS,CHICAGO,1 1/9 bushel cartons,9/2/2017,20,20,ILLINOIS,,2,4
PUMPKINS,CHICAGO,1 1/9 bushel cartons,9/2/2017,18,18,MICHIGAN,,2,4
PUMPKINS,CHICAGO,1 1/9 bushel cartons,9/9/2017,20,20,ILLINOIS,,2,4
PUMPKINS,CHICAGO,1 1/9 bushel cartons,9/9/2017,18,18,MICHIGAN,,2,4
PUMPKINS,CHICAGO,1 1/9 bushel cartons,9/16/2017,18,20,ILLINOIS,,2,4
PUMPKINS,CHICAGO,1 1/9 bushel cartons,9/16/2017,17,19,MICHIGAN,,2,4
PUMPKINS,CHICAGO,1 1/9 bushel cartons,9/23/2017,18,20,ILLINOIS,,2,4
PUMPKINS,CHICAGO,1 1/9 bushel cartons,9/23/2017,17,19,MICHIGAN,,2,4
PUMPKINS,CHICAGO,1 1/9 bushel cartons,9/30/2017,18,20,ILLINOIS,,2,4
PUMPKINS,CHICAGO,1 1/9 bushel cartons,9/30/2017,17,19,MICHIGAN,,2,4
PUMPKINS,CHICAGO,1 1/9 bushel cartons,10/8/2016,22.5,22.5,OHIO,,2,4
PUMPKINS,CHICAGO,1 1/9 bushel cartons,10/15/2016,22.5,22.5,OHIO,,2,4
PUMPKINS,CHICAGO,1 1/9 bushel cartons,10/22/2016,22.5,22.5,OHIO,,2,4
PUMPKINS,CHICAGO,1 1/9 bushel cartons,10/29/2016,22.5,22.5,OHIO,,2,4
PUMPKINS,CHICAGO,1 1/9 bushel cartons,11/5/2016,22.5,22.5,OHIO,,2,4
PUMPKINS,CHICAGO,1 1/9 bushel cartons,11/12/2016,22.5,22.5,OHIO,,2,4
PUMPKINS,CHICAGO,1 1/9 bushel cartons,11/19/2016,22.5,22.5,OHIO,,2,4
PUMPKINS,CHICAGO,1 1/9 bushel cartons,11/26/2016,22.5,22.5,OHIO,,2,4
PUMPKINS,CHICAGO,1 1/9 bushel cartons,12/3/2016,22.5,22.5,OHIO,,2,4
PUMPKINS,CHICAGO,24 inch bins,9/24/2016,200,200,ILLINOIS,,2,4
PUMPKINS,CHICAGO,24 inch bins,10/1/2016,200,200,ILLINOIS,,2,4
PUMPKINS,CHICAGO,24 inch bins,10/8/2016,200,200,ILLINOIS,,2,4
PUMPKINS,CHICAGO,24 inch bins,10/15/2016,200,220,ILLINOIS,,2,4
PUMPKINS,CHICAGO,24 inch bins,10/15/2016,180,180,OHIO,,2,4
PUMPKINS,CHICAGO,24 inch bins,10/22/2016,200,220,ILLINOIS,,2,4
PUMPKINS,CHICAGO,24 inch bins,10/22/2016,180,180,OHIO,,2,4
PUMPKINS,CHICAGO,24 inch bins,10/29/2016,200,200,ILLINOIS,,2,4
PUMPKINS,CHICAGO,24 inch bins,10/29/2016,180,180,OHIO,,2,4
PUMPKINS,CHICAGO,24 inch bins,11/5/2016,200,200,ILLINOIS,,2,4
PUMPKINS,CHICAGO,24 inch bins,11/5/2016,180,180,OHIO,,2,4
PUMPKINS,CHICAGO,24 inch bins,11/12/2016,200,200,ILLINOIS,,2,4
PUMPKINS,CHICAGO,24 inch bins,11/12/2016,180,180,OHIO,,2,4
PUMPKINS,CHICAGO,24 inch bins,11/19/2016,200,200,ILLINOIS,,2,4
PUMPKINS,CHICAGO,24 inch bins,11/19/2016,180,180,OHIO,,2,4
PUMPKINS,CHICAGO,24 inch bins,11/26/2016,200,200,ILLINOIS,,2,4
PUMPKINS,CHICAGO,24 inch bins,12/3/2016,200,200,ILLINOIS,,2,4
PUMPKINS,CHICAGO,24 inch bins,12/10/2016,200,200,ILLINOIS,,2,4
PUMPKINS,CHICAGO,36 inch bins,9/2/2017,200,200,ILLINOIS,,6,4
PUMPKINS,CHICAGO,36 inch bins,9/9/2017,200,200,ILLINOIS,,6,4
PUMPKINS,CHICAGO,36 inch bins,9/16/2017,200,215,CANADA,,6,4
PUMPKINS,CHICAGO,36 inch bins,9/16/2017,200,215,ILLINOIS,,6,4
PUMPKINS,CHICAGO,36 inch bins,9/16/2017,200,215,INDIANA,,6,4
PUMPKINS,CHICAGO,36 inch bins,9/23/2017,200,215,CANADA,,6,4
PUMPKINS,CHICAGO,36 inch bins,9/23/2017,200,215,ILLINOIS,,6,4
PUMPKINS,CHICAGO,36 inch bins,9/23/2017,200,215,INDIANA,,6,4
PUMPKINS,CHICAGO,36 inch bins,9/23/2017,175,175,MICHIGAN,,6,4
PUMPKINS,CHICAGO,36 inch bins,9/30/2017,200,200,CANADA,,6,4
PUMPKINS,CHICAGO,36 inch bins,9/30/2017,200,215,ILLINOIS,,6,4
PUMPKINS,CHICAGO,36 inch bins,9/30/2017,200,215,INDIANA,,6,4
PUMPKINS,CHICAGO,36 inch bins,9/30/2017,175,175,MICHIGAN,,6,4
PUMPKINS,CHICAGO,36 inch bins,9/24/2016,225,225,ILLINOIS,,3,7
PUMPKINS,CHICAGO,36 inch bins,10/1/2016,175,225,ILLINOIS,,3,7
PUMPKINS,CHICAGO,36 inch bins,10/8/2016,175,175,ILLINOIS,,3,7
PUMPKINS,CHICAGO,36 inch bins,10/15/2016,175,175,ILLINOIS,,3,7
PUMPKINS,CHICAGO,36 inch bins,10/22/2016,175,175,ILLINOIS,,3,7
PUMPKINS,CHICAGO,36 inch bins,10/29/2016,175,175,ILLINOIS,,3,7
PUMPKINS,CHICAGO,36 inch bins,11/5/2016,175,175,ILLINOIS,,3,7
PUMPKINS,CHICAGO,36 inch bins,11/12/2016,175,175,ILLINOIS,,3,7
PUMPKINS,CHICAGO,36 inch bins,11/19/2016,175,175,ILLINOIS,,3,7
PUMPKINS,CHICAGO,1/2 bushel cartons,9/16/2017,19,19,CANADA,,1,11
PUMPKINS,CHICAGO,1/2 bushel cartons,9/16/2017,18,20,INDIANA,,1,11
PUMPKINS,CHICAGO,1/2 bushel cartons,9/16/2017,17,19,MICHIGAN,,1,11
PUMPKINS,CHICAGO,1/2 bushel cartons,9/23/2017,19,19,CANADA,,1,11
PUMPKINS,CHICAGO,1/2 bushel cartons,9/23/2017,18,20,INDIANA,,1,11
PUMPKINS,CHICAGO,1/2 bushel cartons,9/23/2017,17,19,MICHIGAN,,1,11
PUMPKINS,CHICAGO,1/2 bushel cartons,9/30/2017,19,19,CANADA,,1,11
PUMPKINS,CHICAGO,1/2 bushel cartons,9/30/2017,18,20,INDIANA,,1,11
PUMPKINS,CHICAGO,1/2 bushel cartons,9/30/2017,17,19,MICHIGAN,,1,11
PUMPKINS,CHICAGO,1/2 bushel cartons,9/24/2016,17,17,MICHIGAN,ORANGE,1,11
PUMPKINS,CHICAGO,1/2 bushel cartons,9/24/2016,17,17,MICHIGAN,,1,11
PUMPKINS,CHICAGO,1/2 bushel cartons,9/24/2016,17,17,MICHIGAN,WHITE,1,11
PUMPKINS,CHICAGO,1/2 bushel cartons,9/24/2016,17,18,OHIO,WHITE,1,11
PUMPKINS,CHICAGO,1/2 bushel cartons,9/24/2016,17,18,OHIO,ORANGE,1,11
PUMPKINS,CHICAGO,1/2 bushel cartons,10/1/2016,17,18,MICHIGAN,WHITE,1,11
PUMPKINS,CHICAGO,1/2 bushel cartons,10/1/2016,17,18,MICHIGAN,ORANGE,1,11
PUMPKINS,CHICAGO,1/2 bushel cartons,10/1/2016,17,18,OHIO,ORANGE,1,11
PUMPKINS,CHICAGO,1/2 bushel cartons,10/1/2016,17,18,OHIO,WHITE,1,11
PUMPKINS,CHICAGO,1/2 bushel cartons,10/8/2016,17,18,MICHIGAN,WHITE,1,11
PUMPKINS,CHICAGO,1/2 bushel cartons,10/8/2016,17,18,MICHIGAN,ORANGE,1,11
PUMPKINS,CHICAGO,1/2 bushel cartons,10/8/2016,17,18,OHIO,WHITE,1,11
PUMPKINS,CHICAGO,1/2 bushel cartons,10/8/2016,17,18,OHIO,ORANGE,1,11
PUMPKINS,CHICAGO,1/2 bushel cartons,10/15/2016,17,18,MICHIGAN,WHITE,1,11
PUMPKINS,CHICAGO,1/2 bushel cartons,10/15/2016,17,18,MICHIGAN,ORANGE,1,11
PUMPKINS,CHICAGO,1/2 bushel cartons,10/15/2016,17,18,OHIO,ORANGE,1,11
PUMPKINS,CHICAGO,1/2 bushel cartons,10/15/2016,17,18,OHIO,WHITE,1,11
PUMPKINS,CHICAGO,1/2 bushel cartons,10/22/2016,17,17,MICHIGAN,WHITE,1,11
PUMPKINS,CHICAGO,1/2 bushel cartons,10/22/2016,17,17,MICHIGAN,ORANGE,1,11
PUMPKINS,CHICAGO,1/2 bushel cartons,10/22/2016,17,17,OHIO,WHITE,1,11
PUMPKINS,CHICAGO,1/2 bushel cartons,10/22/2016,17,17,OHIO,ORANGE,1,11
PUMPKINS,CHICAGO,1/2 bushel cartons,10/29/2016,17,17,MICHIGAN,WHITE,1,11
PUMPKINS,CHICAGO,1/2 bushel cartons,10/29/2016,17,17,MICHIGAN,ORANGE,1,11
PUMPKINS,CHICAGO,1/2 bushel cartons,10/29/2016,17,17,OHIO,ORANGE,1,11
PUMPKINS,CHICAGO,1/2 bushel cartons,10/29/2016,17,17,OHIO,WHITE,1,11
PUMPKINS,CHICAGO,1/2 bushel cartons,11/5/2016,17,17,MICHIGAN,WHITE,1,11
PUMPKINS,CHICAGO,1/2 bushel cartons,11/5/2016,17,17,MICHIGAN,ORANGE,1,11
PUMPKINS,CHICAGO,1/2 bushel cartons,11/5/2016,17,17,OHIO,ORANGE,1,11
PUMPKINS,CHICAGO,1/2 bushel cartons,11/5/2016,17,17,OHIO,WHITE,1,11
PUMPKINS,CHICAGO,1/2 bushel cartons,11/12/2016,17,17,MICHIGAN,ORANGE,1,11
PUMPKINS,CHICAGO,1/2 bushel cartons,11/12/2016,17,17,MICHIGAN,WHITE,1,11
PUMPKINS,CHICAGO,1/2 bushel cartons,11/12/2016,17,18,OHIO,WHITE,1,11
PUMPKINS,CHICAGO,1/2 bushel cartons,11/12/2016,17,17,OHIO,ORANGE,1,11
PUMPKINS,CHICAGO,1/2 bushel cartons,11/19/2016,17,17,MICHIGAN,WHITE,1,11
PUMPKINS,CHICAGO,1/2 bushel cartons,11/19/2016,17,17,MICHIGAN,ORANGE,1,11
PUMPKINS,CHICAGO,1/2 bushel cartons,11/19/2016,17,17,OHIO,ORANGE,1,11
PUMPKINS,CHICAGO,1/2 bushel cartons,11/19/2016,17,18,OHIO,WHITE,1,11
PUMPKINS,CHICAGO,1/2 bushel cartons,9/9/2017,19,19,MICHIGAN,,1,11
PUMPKINS,CHICAGO,1/2 bushel cartons,9/16/2017,17,19,MICHIGAN,,1,11
PUMPKINS,CHICAGO,1/2 bushel cartons,9/23/2017,17,19,MICHIGAN,,1,11
PUMPKINS,CHICAGO,1/2 bushel cartons,9/30/2017,17,19,MICHIGAN,,1,11
PUMPKINS,ST. LOUIS,24 inch bins,9/26/2016,105,105,ILLINOIS,ORANGE,4,1
PUMPKINS,ST. LOUIS,24 inch bins,9/26/2016,105,105,ILLINOIS,ORANGE,3,1
PUMPKINS,ST. LOUIS,24 inch bins,9/27/2016,105,105,ILLINOIS,ORANGE,4,1
PUMPKINS,ST. LOUIS,24 inch bins,9/27/2016,105,105,ILLINOIS,ORANGE,3,1
PUMPKINS,ST. LOUIS,24 inch bins,9/28/2016,105,105,ILLINOIS,ORANGE,4,1
PUMPKINS,ST. LOUIS,24 inch bins,9/28/2016,105,105,ILLINOIS,ORANGE,3,1
PUMPKINS,ST. LOUIS,24 inch bins,9/29/2016,105,105,ILLINOIS,ORANGE,4,1
PUMPKINS,ST. LOUIS,24 inch bins,9/29/2016,105,105,ILLINOIS,ORANGE,3,1
PUMPKINS,ST. LOUIS,24 inch bins,9/30/2016,105,105,ILLINOIS,ORANGE,4,1
PUMPKINS,ST. LOUIS,24 inch bins,9/30/2016,105,105,ILLINOIS,ORANGE,3,1
PUMPKINS,ST. LOUIS,36 inch bins,9/26/2016,125,135,ILLINOIS,ORANGE,4,1
PUMPKINS,ST. LOUIS,36 inch bins,9/26/2016,135,135,ILLINOIS,ORANGE,3,1
PUMPKINS,ST. LOUIS,36 inch bins,9/26/2016,125,135,ILLINOIS,ORANGE,2,1
PUMPKINS,ST. LOUIS,36 inch bins,9/26/2016,125,125,MICHIGAN,ORANGE,4,1
PUMPKINS,ST. LOUIS,36 inch bins,9/26/2016,125,125,MICHIGAN,ORANGE,3,1
PUMPKINS,ST. LOUIS,36 inch bins,9/26/2016,125,125,MICHIGAN,ORANGE,2,1
PUMPKINS,ST. LOUIS,36 inch bins,9/27/2016,125,135,ILLINOIS,ORANGE,4,1
PUMPKINS,ST. LOUIS,36 inch bins,9/27/2016,135,135,ILLINOIS,ORANGE,3,1
PUMPKINS,ST. LOUIS,36 inch bins,9/27/2016,125,135,ILLINOIS,ORANGE,2,1
PUMPKINS,ST. LOUIS,36 inch bins,9/27/2016,125,125,MICHIGAN,ORANGE,4,1
PUMPKINS,ST. LOUIS,36 inch bins,9/27/2016,125,125,MICHIGAN,ORANGE,3,1
PUMPKINS,ST. LOUIS,36 inch bins,9/27/2016,125,125,MICHIGAN,ORANGE,2,1
PUMPKINS,ST. LOUIS,36 inch bins,9/28/2016,125,135,ILLINOIS,ORANGE,4,1
PUMPKINS,ST. LOUIS,36 inch bins,9/28/2016,135,135,ILLINOIS,ORANGE,3,1
PUMPKINS,ST. LOUIS,36 inch bins,9/28/2016,125,135,ILLINOIS,ORANGE,2,1
PUMPKINS,ST. LOUIS,36 inch bins,9/28/2016,125,125,MICHIGAN,ORANGE,4,1
PUMPKINS,ST. LOUIS,36 inch bins,9/28/2016,125,125,MICHIGAN,ORANGE,3,1
PUMPKINS,ST. LOUIS,36 inch bins,9/28/2016,125,125,MICHIGAN,ORANGE,2,1
PUMPKINS,ST. LOUIS,36 inch bins,9/29/2016,125,135,ILLINOIS,ORANGE,4,1
PUMPKINS,ST. LOUIS,36 inch bins,9/29/2016,135,135,ILLINOIS,ORANGE,3,1
PUMPKINS,ST. LOUIS,36 inch bins,9/29/2016,125,135,ILLINOIS,ORANGE,2,1
PUMPKINS,ST. LOUIS,36 inch bins,9/29/2016,125,125,MICHIGAN,ORANGE,4,1
PUMPKINS,ST. LOUIS,36 inch bins,9/29/2016,125,125,MICHIGAN,ORANGE,3,1
PUMPKINS,ST. LOUIS,36 inch bins,9/29/2016,125,125,MICHIGAN,ORANGE,2,1
PUMPKINS,ST. LOUIS,36 inch bins,9/30/2016,115,125,ILLINOIS,ORANGE,4,1
PUMPKINS,ST. LOUIS,36 inch bins,9/30/2016,115,115,ILLINOIS,ORANGE,3,1
PUMPKINS,ST. LOUIS,36 inch bins,9/30/2016,115,125,ILLINOIS,ORANGE,2,1
PUMPKINS,ST. LOUIS,36 inch bins,9/30/2016,115,115,MICHIGAN,ORANGE,4,1
PUMPKINS,ST. LOUIS,36 inch bins,9/30/2016,115,115,MICHIGAN,ORANGE,3,1
PUMPKINS,ST. LOUIS,36 inch bins,9/30/2016,115,115,MICHIGAN,ORANGE,2,1
PUMPKINS,ST. LOUIS,24 inch bins,9/26/2016,150,150,ILLINOIS,,4,12
PUMPKINS,ST. LOUIS,24 inch bins,9/27/2016,150,150,ILLINOIS,,4,12
PUMPKINS,ST. LOUIS,24 inch bins,9/28/2016,150,150,ILLINOIS,,4,12
PUMPKINS,ST. LOUIS,24 inch bins,9/29/2016,150,150,ILLINOIS,,4,12
PUMPKINS,ST. LOUIS,24 inch bins,9/30/2016,150,150,ILLINOIS,,4,12
PUMPKINS,ST. LOUIS,24 inch bins,9/26/2016,175,175,ILLINOIS,ORANGE,,4
PUMPKINS,ST. LOUIS,24 inch bins,9/27/2016,175,175,ILLINOIS,ORANGE,,4
PUMPKINS,ST. LOUIS,24 inch bins,9/28/2016,175,175,ILLINOIS,ORANGE,,4
PUMPKINS,ST. LOUIS,24 inch bins,9/29/2016,175,175,ILLINOIS,ORANGE,,4
PUMPKINS,ST. LOUIS,24 inch bins,9/30/2016,175,175,ILLINOIS,ORANGE,,4
PUMPKINS,ST. LOUIS,36 inch bins,9/26/2016,275,275,ILLINOIS,ORANGE,,4
PUMPKINS,ST. LOUIS,36 inch bins,9/27/2016,275,275,ILLINOIS,ORANGE,,4
PUMPKINS,ST. LOUIS,36 inch bins,9/28/2016,275,275,ILLINOIS,ORANGE,,4
PUMPKINS,ST. LOUIS,36 inch bins,9/29/2016,275,275,ILLINOIS,ORANGE,,4
PUMPKINS,ST. LOUIS,36 inch bins,9/30/2016,150,150,ILLINOIS,ORANGE,,4
PUMPKINS,ST. LOUIS,24 inch bins,9/26/2016,100,100,ILLINOIS,,,7
PUMPKINS,ST. LOUIS,24 inch bins,9/26/2016,135,135,MISSOURI,,,7
PUMPKINS,ST. LOUIS,24 inch bins,9/27/2016,100,100,ILLINOIS,,,7
PUMPKINS,ST. LOUIS,24 inch bins,9/27/2016,135,135,MISSOURI,,,7
PUMPKINS,ST. LOUIS,24 inch bins,9/28/2016,100,100,ILLINOIS,,,7
PUMPKINS,ST. LOUIS,24 inch bins,9/28/2016,135,135,MISSOURI,,,7
PUMPKINS,ST. LOUIS,24 inch bins,9/29/2016,100,100,ILLINOIS,,,7
PUMPKINS,ST. LOUIS,24 inch bins,9/29/2016,135,135,MISSOURI,,,7
PUMPKINS,ST. LOUIS,24 inch bins,9/30/2016,100,100,ILLINOIS,,,7
PUMPKINS,ST. LOUIS,24 inch bins,9/30/2016,135,135,MISSOURI,,,7
PUMPKINS,ST. LOUIS,1/2 bushel cartons,9/26/2016,15,15,CANADA,ORANGE,,11
PUMPKINS,ST. LOUIS,1/2 bushel cartons,9/26/2016,15,15,CANADA,WHITE,,11
PUMPKINS,ST. LOUIS,1/2 bushel cartons,9/26/2016,15.75,15.75,ILLINOIS,WHITE,,11
PUMPKINS,ST. LOUIS,1/2 bushel cartons,9/26/2016,12.5,12.5,ILLINOIS,ORANGE,,11
PUMPKINS,ST. LOUIS,1/2 bushel cartons,9/27/2016,15,15,CANADA,ORANGE,,11
PUMPKINS,ST. LOUIS,1/2 bushel cartons,9/27/2016,15,15,CANADA,WHITE,,11
PUMPKINS,ST. LOUIS,1/2 bushel cartons,9/27/2016,15,15.75,ILLINOIS,WHITE,,11
PUMPKINS,ST. LOUIS,1/2 bushel cartons,9/27/2016,12.5,15,ILLINOIS,ORANGE,,11
PUMPKINS,ST. LOUIS,1/2 bushel cartons,9/28/2016,15,15,CANADA,WHITE,,11
PUMPKINS,ST. LOUIS,1/2 bushel cartons,9/28/2016,15,15,CANADA,ORANGE,,11
PUMPKINS,ST. LOUIS,1/2 bushel cartons,9/28/2016,15,15.75,ILLINOIS,WHITE,,11
PUMPKINS,ST. LOUIS,1/2 bushel cartons,9/28/2016,12.5,15,ILLINOIS,ORANGE,,11
PUMPKINS,ST. LOUIS,1/2 bushel cartons,9/29/2016,15,15,CANADA,WHITE,,11
PUMPKINS,ST. LOUIS,1/2 bushel cartons,9/29/2016,15,15,CANADA,ORANGE,,11
PUMPKINS,ST. LOUIS,1/2 bushel cartons,9/29/2016,13.75,15,ILLINOIS,WHITE,,11
PUMPKINS,ST. LOUIS,1/2 bushel cartons,9/29/2016,10.75,15,ILLINOIS,ORANGE,,11
PUMPKINS,ST. LOUIS,1/2 bushel cartons,9/29/2016,12,12,MICHIGAN,ORANGE,,11
PUMPKINS,ST. LOUIS,1/2 bushel cartons,9/29/2016,12,12,MICHIGAN,WHITE,,11
PUMPKINS,ST. LOUIS,1/2 bushel cartons,9/30/2016,15,15,CANADA,ORANGE,,11
PUMPKINS,ST. LOUIS,1/2 bushel cartons,9/30/2016,15,15,CANADA,WHITE,,11
PUMPKINS,ST. LOUIS,1/2 bushel cartons,9/30/2016,13.75,15,ILLINOIS,WHITE,,11
PUMPKINS,ST. LOUIS,1/2 bushel cartons,9/30/2016,10.75,15,ILLINOIS,ORANGE,,11
PUMPKINS,ST. LOUIS,1/2 bushel cartons,9/30/2016,12,12,MICHIGAN,WHITE,,11
PUMPKINS,ST. LOUIS,1/2 bushel cartons,9/30/2016,12,12,MICHIGAN,ORANGE,,11
PUMPKINS,ST. LOUIS,22 lb cartons,9/26/2016,16.75,16.75,ILLINOIS,WHITE,,11
PUMPKINS,ST. LOUIS,22 lb cartons,9/26/2016,16.75,16.75,ILLINOIS,ORANGE,,11
PUMPKINS,ST. LOUIS,22 lb cartons,9/27/2016,16.75,16.75,ILLINOIS,WHITE,,11
PUMPKINS,ST. LOUIS,22 lb cartons,9/27/2016,16.75,16.75,ILLINOIS,ORANGE,,11
PUMPKINS,ST. LOUIS,22 lb cartons,9/28/2016,14.75,14.75,ILLINOIS,WHITE,,11
PUMPKINS,ST. LOUIS,22 lb cartons,9/28/2016,14.75,14.75,ILLINOIS,ORANGE,,11
PUMPKINS,ST. LOUIS,22 lb cartons,9/29/2016,10.75,10.75,ILLINOIS,ORANGE,,11
PUMPKINS,ST. LOUIS,22 lb cartons,9/29/2016,14.75,14.75,ILLINOIS,WHITE,,11
PUMPKINS,ST. LOUIS,22 lb cartons,9/30/2016,10.75,10.75,ILLINOIS,ORANGE,,11
PUMPKINS,ST. LOUIS,22 lb cartons,9/30/2016,14.75,14.75,ILLINOIS,WHITE,,11
PUMPKINS,ST. LOUIS,36 inch bins,9/26/2016,275,275,MICHIGAN,,1,11
PUMPKINS,ST. LOUIS,36 inch bins,9/27/2016,275,275,MICHIGAN,,1,11
PUMPKINS,ST. LOUIS,36 inch bins,9/28/2016,275,275,MICHIGAN,,1,11
PUMPKINS,ST. LOUIS,36 inch bins,9/29/2016,275,275,MICHIGAN,,1,11
